[
  {
    "name": "Metro Manila",
    "region": "NCR"
  },
  {
    "name": "Abra",
    "region": "CAR"
  },
  {
    "name": "Apayao",
    "region": "CAR"
  },
  {
    "name": "Benguet",
    "region": "CAR"
  },
  {
    "name": "Ifugao",
    "region": "CAR"
  },
  {
    "name": "Kalinga",
    "region": "CAR"
  },
  {
    "name": "Mountain Province",
    "region": "CAR"
  },
  {
    "name": "Ilocos Norte",
    "region": "Region I"
  },
  {
    "name": "Ilocos Sur",
    "region": "Region I"
  },
  {
    "name": "La Union",
    "region": "Region I"
  },
  {
    "name": "Pangasinan",
    "region": "Region I"
  },
  {
    "name": "Batanes",
    "region": "Region II"
  },
  {
    "name": "Cagayan",
    "region": "Region II"
  },
  {
    "name": "Isabela",
    "region": "Region II"
  },
  {
    "name": "Nueva Vizcaya",
    "region": "Region II"
  },
  {
    "name": "Quirino",
    "region": "Region II"
  },
  {
    "name": "Aurora",
    "region": "Region III"
  },
  {
    "name": "Bataan",
    "region": "Region III"
  },
  {
    "name": "Bulacan",
    "region": "Region III"
  },
  {
    "name": "Nueva Ecija",
    "region": "Region III"
  },
  {
    "name": "Pampanga",
    "region": "Region III"
  },
  {
    "name": "Tarlac",
    "region": "Region III"
  },
  {
    "name": "Zambales",
    "region": "Region III"
  },
  {
    "name": "Batangas",
    "region": "Region IV-A"
  },
  {
    "name": "Cavite",
    "region": "Region IV-A"
  },
  {
    "name": "Laguna",
    "region": "Region IV-A"
  },
  {
    "name": "Quezon",
    "region": "Region IV-A"
  },
  {
    "name": "Rizal",
    "region": "Region IV-A"
  },
  {
    "name": "Marinduque",
    "region": "MIMAROPA"
  },
  {
    "name": "Occidental Mindoro",
    "region": "MIMAROPA"
  },
  {
    "name": "Oriental Mindoro",
    "region": "MIMAROPA"
  },
  {
    "name": "Palawan",
    "region": "MIMAROPA"
  },
  {
    "name": "Romblon",
    "region": "MIMAROPA"
  },
  {
    "name": "Albay",
    "region": "Region V"
  },
  {
    "name": "Camarines Norte",
    "region": "Region V"
  },
  {
    "name": "Camarines Sur",
    "region": "Region V"
  },
  {
    "name": "Catanduanes",
    "region": "Region V"
  },
  {
    "name": "Masbate",
    "region": "Region V"
  },
  {
    "name": "Sorsogon",
    "region": "Region V"
  },
  {
    "name": "Aklan",
    "region": "Region VI"
  },
  {
    "name": "Antique",
    "region": "Region VI"
  },
  {
    "name": "Capiz",
    "region": "Region VI"
  },
  {
    "name": "Guimaras",
    "region": "Region VI"
  },
  {
    "name": "Iloilo",
    "region": "Region VI"
  },
  {
    "name": "Negros Occidental",
    "region": "Region VI"
  },
  {
    "name": "Bohol",
    "region": "Region VII"
  },
  {
    "name": "Cebu",
    "region": "Region VII"
  },
  {
    "name": "Negros Oriental",
    "region": "Region VII"
  },
  {
    "name": "Siquijor",
    "region": "Region VII"
  },
  {
    "name": "Biliran",
    "region": "Region VIII"
  },
  {
    "name": "Eastern Samar",
    "region": "Region VIII"
  },
  {
    "name": "Leyte",
    "region": "Region VIII"
  },
  {
    "name": "Northern Samar",
    "region": "Region VIII"
  },
  {
    "name": "Samar (Western Samar)",
    "region": "Region VIII"
  },
  {
    "name": "Southern Leyte",
    "region": "Region VIII"
  },
  {
    "name": "Zamboanga Del Norte",
    "region": "Region IX"
  },
  {
    "name": "Zamboanga Del Sur",
    "region": "Region IX"
  },
  {
    "name": "Zamboanga Sibugay",
    "region": "Region IX"
  },
  {
    "name": "Isabela City",
    "region": "Region IX"
  },
  {
    "name": "Bukidnon",
    "region": "Region X"
  },
  {
    "name": "Camiguin",
    "region": "Region X"
  },
  {
    "name": "Lanao Del Norte",
    "region": "Region X"
  },
  {
    "name": "Misamis Occidental",
    "region": "Region X"
  },
  {
    "name": "Misamis Oriental",
    "region": "Region X"
  },
  {
    "name": "Compostela Valley",
    "region": "Region XI"
  },
  {
    "name": "Davao Del Norte",
    "region": "Region XI"
  },
  {
    "name": "Davao Del Sur",
    "region": "Region XI"
  },
  {
    "name": "Davao Occidental",
    "region": "Region XI"
  },
  {
    "name": "Davao Oriental",
    "region": "Region XI"
  },
  {
    "name": "Cotabato",
    "region": "Region XII"
  },
  {
    "name": "Sarangani",
    "region": "Region XII"
  },
  {
    "name": "North Cotabato",
    "region": "Region XII"
  },
  {
    "name": "South Cotabato",
    "region": "Region XII"
  },
  {
    "name": "Sultan Kudarat",
    "region": "Region XII"
  },
  {
    "name": "Agusan Del Norte",
    "region": "Region XIII"
  },
  {
    "name": "Agusan Del Sur",
    "region": "Region XIII"
  },
  {
    "name": "Dinagat Islands",
    "region": "Region XIII"
  },
  {
    "name": "Surigao Del Norte",
    "region": "Region XIII"
  },
  {
    "name": "Surigao Del Sur",
    "region": "Region XIII"
  },
  {
    "name": "Basilan",
    "region": "BARMM"
  },
  {
    "name": "Lanao Del Sur",
    "region": "BARMM"
  },
  {
    "name": "Maguindanao del Sur",
    "region": "BARMM"
  },
  {
    "name": "Maguindanao del Norte",
    "region": "BARMM"
  },
  {
    "name": "Sulu",
    "region": "BARMM"
  },
  {
    "name": "Tawi-Tawi",
    "region": "BARMM"
  }
]